year,state,cause_of_death,population,median_income,poverty_count,aadr,poverty_rate
2010,Alabama,Influenza and pneumonia,4712651,42081,786544,18.7,0.1669005406935502
2010,Alaska,Influenza and pneumonia,691189,66521,64245,15.8,0.09294852782668706
2010,Arizona,Influenza and pneumonia,6246816,50448,933113,11.4,0.149374177180823
2010,Arkansas,Influenza and pneumonia,2872684,39267,502684,19.9,0.17498757259761255
2010,California,Influenza and pneumonia,36637290,60883,4919945,16.4,0.1342879072114777
2010,Colorado,Influenza and pneumonia,4887061,56456,584184,12.3,0.11953687502570563
2010,Connecticut,Influenza and pneumonia,3545837,67740,314306,12.1,0.08864084840899342
2010,Delaware,Influenza and pneumonia,881278,57599,93857,13.8,0.10650101330113766
2010,District of Columbia,Influenza and pneumonia,584400,58526,101767,13.5,0.17413928815879534
2010,Florida,Influenza and pneumonia,18511620,47661,2502365,8.9,0.135178066533345
2010,Georgia,Influenza and pneumonia,9468815,49347,1445752,18.3,0.1526856317289967
2010,Hawaii,Influenza and pneumonia,1333591,66420,124627,17.0,0.09345219036421211
2010,Idaho,Influenza and pneumonia,1526797,46423,203177,13.5,0.13307401049386394
2010,Illinois,Influenza and pneumonia,12745359,55735,1572048,16.1,0.12334277912454251
2010,Indiana,Influenza and pneumonia,6417398,47697,842540,16.9,0.1312899714183225
2010,Iowa,Influenza and pneumonia,3016267,48872,338263,13.7,0.11214623904316164
2010,Kansas,Influenza and pneumonia,2809329,49424,338792,16.4,0.12059534500943107
2010,Kentucky,Influenza and pneumonia,4285828,41576,735782,21.0,0.1716779114794154
2010,Louisiana,Influenza and pneumonia,4429940,43445,780359,20.2,0.17615565899312405
2010,Maine,Influenza and pneumonia,1327665,46933,162358,13.4,0.12228837846896619
2010,Maryland,Influenza and pneumonia,5696423,70647,476732,15.7,0.08368971194730447
2010,Massachusetts,Influenza and pneumonia,6477096,64509,658391,16.0,0.10164910324009402
2010,Michigan,Influenza and pneumonia,9952687,48432,1444004,13.6,0.14508684941061645
2010,Minnesota,Influenza and pneumonia,5241914,57243,542133,9.7,0.10342271925865247
2010,Mississippi,Influenza and pneumonia,2941991,37881,604272,19.2,0.20539559774316102
2010,Missouri,Influenza and pneumonia,5922314,46262,802596,17.4,0.13552067654636346
2010,Montana,Influenza and pneumonia,973739,43872,138109,13.6,0.14183369465534398
2010,Nebraska,Influenza and pneumonia,1799125,49342,206227,11.9,0.11462627666226638
2010,Nevada,Influenza and pneumonia,2633331,55726,308426,19.8,0.11712390124902643
2010,New Hampshire,Influenza and pneumonia,1313939,63277,99527,12.6,0.07574704761788789
2010,New Jersey,Influenza and pneumonia,8721577,69811,777968,11.0,0.08920038199513688
2010,New Mexico,Influenza and pneumonia,2013122,43820,361771,14.2,0.1797064460077432
2010,New York,Influenza and pneumonia,19229752,55603,2650166,20.6,0.13781592191100542
2010,North Carolina,Influenza and pneumonia,9271178,45570,1399945,17.7,0.15099968957558577
2010,North Dakota,Influenza and pneumonia,659858,46781,78405,13.9,0.11882101906773881
2010,Ohio,Influenza and pneumonia,11512431,47358,1586292,14.6,0.1377894903344046
2010,Oklahoma,Influenza and pneumonia,3675339,42979,577247,19.7,0.15705952566552364
2010,Oregon,Influenza and pneumonia,3761925,49260,516271,9.2,0.13723585664254337
2010,Pennsylvania,Influenza and pneumonia,12612705,50398,1509858,13.6,0.11970929312942782
2010,Rhode Island,Influenza and pneumonia,1056389,54902,123396,13.8,0.11680924356463386
2010,South Carolina,Influenza and pneumonia,4511428,43939,716537,15.9,0.1588270942149581
2010,South Dakota,Influenza and pneumonia,799462,46369,105819,15.8,0.13236276395876226
2010,Tennessee,Influenza and pneumonia,6234968,43314,1002467,20.5,0.1607814186055165
2010,Texas,Influenza and pneumonia,24311891,49646,3972054,14.6,0.1633790641789238
2010,Utah,Influenza and pneumonia,2657236,56330,283536,17.1,0.10670335641997926
2010,Vermont,Influenza and pneumonia,624258,51841,66726,8.0,0.1068884980248551
2010,Virginia,Influenza and pneumonia,7841754,61406,781516,15.5,0.09966086668875357
2010,Washington,Influenza and pneumonia,6561297,57244,780009,8.3,0.1188803067442306
2010,West Virginia,Influenza and pneumonia,1840802,38380,310495,19.0,0.16867376284901908
2010,Wisconsin,Influenza and pneumonia,5637947,51598,637613,13.3,0.11309311705129545
2010,Wyoming,Influenza and pneumonia,545579,53802,52297,19.5,0.0958559621979585
2010,,,3762322,18791,1680370,,0.4466310964345954
2011,Alabama,Influenza and pneumonia,4747424,42934,813385,18.6,0.17133186334315198
2011,Alaska,Influenza and pneumonia,700703,69014,65111,12.6,0.09292239365323111
2011,Arizona,Influenza and pneumonia,6337373,50752,1003575,10.0,0.15835820299673067
2011,Arkansas,Influenza and pneumonia,2895928,40149,516822,21.8,0.17846507233605255
2011,California,Influenza and pneumonia,36969200,61632,5211481,16.6,0.14096818432641225
2011,Colorado,Influenza and pneumonia,4966061,57685,607727,13.1,0.12237606424890875
2011,Delaware,Influenza and pneumonia,890856,59317,96805,13.0,0.10866514902520721
2011,District of Columbia,Influenza and pneumonia,593955,61835,101833,15.6,0.17144901549780708
2011,Connecticut,Influenza and pneumonia,3558172,69243,326771,14.6,0.09183676337175381
2011,Florida,Influenza and pneumonia,18688787,47827,2679400,9.3,0.14336939042646266
2011,Georgia,Influenza and pneumonia,9600612,49736,1541462,17.5,0.16055872271476027
2011,Idaho,Influenza and pneumonia,1549987,46890,216734,13.5,0.13982955986082463
2011,Hawaii,Influenza and pneumonia,1346554,67116,134387,18.0,0.099800676393223
2011,Illinois,Influenza and pneumonia,12790182,56576,1640428,17.3,0.12825681448473525
2011,Indiana,Influenza and pneumonia,6454254,48393,885150,14.6,0.1371421081351927
2011,Iowa,Influenza and pneumonia,3032266,50451,347536,15.7,0.1146126362265052
2011,Kansas,Influenza and pneumonia,2830985,50594,347184,18.8,0.12263717398714581
2011,Kentucky,Influenza and pneumonia,4316040,42248,756947,20.8,0.17537997794274382
2011,Louisiana,Influenza and pneumonia,4484596,44086,800705,18.9,0.17854562596051016
2011,Maine,Influenza and pneumonia,1328543,47898,165146,16.8,0.12430610074344602
2011,Maryland,Influenza and pneumonia,5736545,72419,502610,17.1,0.0876154549471851
2011,Massachusetts,Influenza and pneumonia,6512227,65981,673467,16.9,0.10341577466510304
2011,Michigan,Influenza and pneumonia,9920621,48669,1518458,15.1,0.15306078117488814
2011,Minnesota,Influenza and pneumonia,5278190,58476,565154,10.7,0.10707344752651951
2011,Mississippi,Influenza and pneumonia,2956700,38718,617805,20.2,0.20895085737477592
2011,Missouri,Influenza and pneumonia,5955802,47202,828615,17.2,0.139127358498486
2011,Montana,Influenza and pneumonia,982854,45324,139904,12.8,0.1423446412183295
2011,Nebraska,Influenza and pneumonia,1813061,50695,211752,14.2,0.11679254035026952
2011,Nevada,Influenza and pneumonia,2673396,55553,340903,19.7,0.1275168362636886
2011,New Hampshire,Influenza and pneumonia,1315911,64664,101634,14.1,0.07723470660249819
2011,New Jersey,Influenza and pneumonia,8753064,71180,805170,12.1,0.09198721727614467
2011,New Mexico,Influenza and pneumonia,2037136,44631,378301,16.5,0.18570237824082436
2011,New York,Influenza and pneumonia,19302448,56951,2722107,21.4,0.1410239260844013
2011,North Carolina,Influenza and pneumonia,9418736,46291,1473556,16.3,0.1564494428976457
2011,North Dakota,Influenza and pneumonia,666783,49415,78888,13.0,0.11831135466861033
2011,Ohio,Influenza and pneumonia,11525536,48071,1654193,16.6,0.1435241710233693
2011,Oklahoma,Influenza and pneumonia,3714520,44287,586046,21.1,0.15777166363352466
2011,Oregon,Influenza and pneumonia,3801991,49850,550372,8.7,0.14475889080221388
2011,Pennsylvania,Influenza and pneumonia,12660739,51651,1548869,16.0,0.12233638178624487
2011,Rhode Island,Influenza and pneumonia,1053959,55975,129454,15.3,0.12282640975597722
2011,South Carolina,Influenza and pneumonia,4575864,44587,753705,15.7,0.1647131558105748
2011,South Dakota,Influenza and pneumonia,807697,48010,107337,16.3,0.13289265652837637
2011,Tennessee,Influenza and pneumonia,6297991,43989,1036199,21.9,0.16452849805596736
2011,Texas,Influenza and pneumonia,24774187,50920,4120101,14.2,0.16630620411479094
2011,Vermont,Influenza and pneumonia,624958,53422,67761,8.4,0.10842488615234944
2011,Utah,Influenza and pneumonia,2715379,57783,304125,17.1,0.11200093983197189
2011,Virginia,Influenza and pneumonia,7926192,63302,818422,17.6,0.10325538417439295
2011,Washington,Influenza and pneumonia,6652845,58890,816509,10.1,0.1227308016344887
2011,West Virginia,Influenza and pneumonia,1846372,39550,313363,19.8,0.16971823662837174
2011,Wisconsin,Influenza and pneumonia,5664893,52374,661655,14.2,0.11679920521005428
2011,Wyoming,Influenza and pneumonia,554697,56380,54900,20.4,0.09897295280125906
2011,,,3742586,19122,1676055,,0.44783339648040155
2012,Alabama,Influenza and pneumonia,4777326,43160,842292,17.9,0.17631034599690287
2012,Alaska,Influenza and pneumonia,711139,69917,66631,10.0,0.09369616910336798
2012,Arizona,Influenza and pneumonia,6410979,50256,1074986,9.5,0.1676789145620349
2012,Arkansas,Influenza and pneumonia,2916372,40531,530309,21.9,0.18183859946536313
2012,California,Influenza and pneumonia,37325068,61400,5590100,15.2,0.1497679789893484
2012,Colorado,Influenza and pneumonia,5042853,58244,633878,11.0,0.12569829023372286
2012,Delaware,Influenza and pneumonia,900131,60119,100655,11.3,0.11182261248640475
2012,District of Columbia,Influenza and pneumonia,605759,64267,105606,12.1,0.1743366586381713
2012,Connecticut,Influenza and pneumonia,3572213,69519,344616,11.8,0.09647129104563473
2012,Florida,Influenza and pneumonia,18885152,47309,2887151,8.5,0.15287941553237167
2012,Georgia,Influenza and pneumonia,9714569,49604,1645272,16.4,0.16936129641984116
2012,Idaho,Influenza and pneumonia,1567803,47015,231604,11.3,0.14772519251462077
2012,Hawaii,Influenza and pneumonia,1362730,67492,143001,20.8,0.1049371482245199
2012,Illinois,Influenza and pneumonia,12823860,56853,1710465,16.3,0.1333814467718768
2012,Indiana,Influenza and pneumonia,6485530,48374,927123,13.5,0.1429525420435955
2012,Iowa,Influenza and pneumonia,3047646,51129,360670,15.6,0.11834379714704397
2012,Kansas,Influenza and pneumonia,2851183,51273,365656,18.0,0.12824711707386022
2012,Kentucky,Influenza and pneumonia,4340167,42610,781485,18.7,0.18005873967522448
2012,Louisiana,Influenza and pneumonia,4529605,44673,821224,17.5,0.181301460061087
2012,Maine,Influenza and pneumonia,1329084,48219,171644,11.6,0.12914458378853405
2012,Maryland,Influenza and pneumonia,5785496,72999,532116,15.8,0.09197413670323167
2012,Massachusetts,Influenza and pneumonia,6560595,66658,698286,16.1,0.10643638267565671
2012,Michigan,Influenza and pneumonia,9897264,48471,1582022,13.3,0.1598443771935355
2012,Minnesota,Influenza and pneumonia,5313081,59126,582335,10.6,0.10960401318933402
2012,Mississippi,Influenza and pneumonia,2967620,38882,640132,18.1,0.21570551485702347
2012,Missouri,Influenza and pneumonia,5982413,47333,869036,17.0,0.14526512963916066
2012,Montana,Influenza and pneumonia,990785,45456,143119,12.2,0.14445010774285036
2012,Nebraska,Influenza and pneumonia,1827306,51381,220244,12.7,0.12052934757506406
2012,Nevada,Influenza and pneumonia,2704204,54083,379197,19.0,0.14022499781821193
2012,New Hampshire,Influenza and pneumonia,1317474,64925,107800,12.8,0.08182324660676416
2012,New Jersey,Influenza and pneumonia,8793888,71637,850559,10.6,0.09672160937232768
2012,New Mexico,Influenza and pneumonia,2055287,44886,393139,12.5,0.19128180151969043
2012,New York,Influenza and pneumonia,19398125,57683,2814409,18.8,0.14508665141605182
2012,North Carolina,Influenza and pneumonia,9544249,46450,1563464,18.5,0.163812155361831
2012,North Dakota,Influenza and pneumonia,676253,51641,78930,14.3,0.11671667260625831
2012,Ohio,Influenza and pneumonia,11533561,48246,1723485,15.5,0.14943216583325827
2012,Oklahoma,Influenza and pneumonia,3749005,44891,602598,13.8,0.16073544847232799
2012,Oregon,Influenza and pneumonia,3836628,50036,584059,8.1,0.15223237697269582
2012,Pennsylvania,Influenza and pneumonia,12699589,52267,1604464,13.5,0.12633983666715515
2012,Rhode Island,Influenza and pneumonia,1052471,56102,133462,11.2,0.1268082445977134
2012,South Carolina,Influenza and pneumonia,4630351,44623,787788,14.4,0.17013569813605922
2012,South Dakota,Influenza and pneumonia,815871,49091,108319,16.6,0.1327648611116218
2012,Tennessee,Influenza and pneumonia,6353226,44140,1069017,20.6,0.16826365062410814
2012,Texas,Influenza and pneumonia,25208897,51563,4270218,13.4,0.16939328999598832
2012,Vermont,Influenza and pneumonia,625498,54168,69411,9.9,0.11096917975756918
2012,Utah,Influenza and pneumonia,2766233,58164,329564,15.6,0.11913819262513317
2012,Virginia,Influenza and pneumonia,8014955,63636,859032,15.8,0.10717864292438323
2012,Washington,Influenza and pneumonia,6738714,59374,853960,9.9,0.12672447591632469
2012,West Virginia,Influenza and pneumonia,1850481,40400,316526,18.1,0.17105066196302474
2012,Wisconsin,Influenza and pneumonia,5687219,52627,690832,14.1,0.1214709684997184
2012,Wyoming,Influenza and pneumonia,562803,56573,60636,15.7,0.10773929776493729
2012,,,3716727,19515,1658412,,0.44620226344307773
2013,Alabama,Influenza and pneumonia,4799277,43253,870631,19.2,0.18140878303127742
2013,Alaska,Influenza and pneumonia,720316,70760,69514,14.1,0.09650486730823694
2013,Arizona,Influenza and pneumonia,6479703,49774,1131901,10.4,0.17468408660088278
2013,Arkansas,Influenza and pneumonia,2933369,40768,547328,23.3,0.18658682218295755
2013,California,Influenza and pneumonia,37659181,61094,5885417,16.6,0.15628106729139968
2013,Colorado,Influenza and pneumonia,5119329,58433,660874,12.0,0.12909387148198523
2013,Delaware,Influenza and pneumonia,908446,59878,103633,13.6,0.11407722638439709
2013,District of Columbia,Influenza and pneumonia,619371,65830,109200,13.2,0.17630789946574832
2013,Connecticut,Influenza and pneumonia,3583561,69461,354348,12.2,0.09888153152688066
2013,Florida,Influenza and pneumonia,19091156,46956,3052807,9.5,0.15990686996638653
2013,Georgia,Influenza and pneumonia,9810417,49179,1736680,16.8,0.17702407553114205
2013,Idaho,Influenza and pneumonia,1583364,46767,240298,15.1,0.15176421846145297
2013,Hawaii,Influenza and pneumonia,1376298,67402,149531,24.1,0.10864725517293493
2013,Illinois,Influenza and pneumonia,12848554,56797,1772333,16.8,0.1379402693875124
2013,Indiana,Influenza and pneumonia,6514861,48248,969881,15.3,0.14887209412449476
2013,Iowa,Influenza and pneumonia,3062553,51843,367414,17.8,0.11996984215456842
2013,Kansas,Influenza and pneumonia,2868107,51332,382820,20.2,0.1334747971397162
2013,Kentucky,Influenza and pneumonia,4361333,43036,796202,19.1,0.18255932303265998
2013,Louisiana,Influenza and pneumonia,4567968,44874,846780,18.6,0.1853734527036967
2013,Maine,Influenza and pneumonia,1328320,48453,175624,14.0,0.13221512888460613
2013,Maryland,Influenza and pneumonia,5834299,73538,558329,17.2,0.09569770078633269
2013,Massachusetts,Influenza and pneumonia,6605058,66866,725351,18.0,0.1098175065230313
2013,Michigan,Influenza and pneumonia,9886095,48411,1625982,15.8,0.1644716139183368
2013,Minnesota,Influenza and pneumonia,5347740,59836,598391,11.6,0.11189605328606103
2013,Mississippi,Influenza and pneumonia,2976872,39031,653321,24.3,0.21946560013329428
2013,Missouri,Influenza and pneumonia,6007182,47380,900929,18.7,0.1499753128838114
2013,Montana,Influenza and pneumonia,998554,46230,148528,16.4,0.1487430824972911
2013,Nebraska,Influenza and pneumonia,1841625,51672,228789,14.5,0.12423213194868662
2013,Nevada,Influenza and pneumonia,2730066,52800,403314,18.6,0.14773049442760725
2013,New Hampshire,Influenza and pneumonia,1319171,64916,110859,13.9,0.08403686860914923
2013,New Jersey,Influenza and pneumonia,8832406,71629,900583,12.6,0.10196349669614373
2013,New Mexico,Influenza and pneumonia,2069706,44927,413801,14.8,0.1999322609104868
2013,New York,Influenza and pneumonia,19487053,58003,2903982,20.5,0.14902109621193108
2013,North Carolina,Influenza and pneumonia,9651380,46334,1643389,18.3,0.17027502802708006
2013,North Dakota,Influenza and pneumonia,689781,53741,79433,14.6,0.11515683963460867
2013,Ohio,Influenza and pneumonia,11549590,48308,1773853,16.6,0.1535857982837486
2013,Oklahoma,Influenza and pneumonia,3785742,45339,618683,18.0,0.16342450172251569
2013,Oregon,Influenza and pneumonia,3868721,50229,614778,10.4,0.15890988262012173
2013,Pennsylvania,Influenza and pneumonia,12731381,52548,1638820,16.2,0.12872287774594132
2013,Rhode Island,Influenza and pneumonia,1051695,56361,137244,12.9,0.1304979105158815
2013,South Carolina,Influenza and pneumonia,4679602,44779,820308,14.2,0.17529439469424965
2013,South Dakota,Influenza and pneumonia,825198,49495,112086,16.2,0.13582921916921756
2013,Tennessee,Influenza and pneumonia,6402387,44298,1101732,22.1,0.17208144399893352
2013,Texas,Influenza and pneumonia,25639373,51900,4416829,14.4,0.17226743415293347
2013,Vermont,Influenza and pneumonia,625904,54267,70873,9.3,0.11323301976021882
2013,Utah,Influenza and pneumonia,2813673,58821,350205,18.6,0.12446542295426655
2013,Virginia,Influenza and pneumonia,8100653,63907,887595,17.0,0.10957079632962922
2013,Washington,Influenza and pneumonia,6819579,59478,893211,10.1,0.1309774401029741
2013,West Virginia,Influenza and pneumonia,1853619,41043,321546,20.2,0.17346930518083814
2013,Wisconsin,Influenza and pneumonia,5706871,52413,723730,15.6,0.12681730496448929
2013,Wyoming,Influenza and pneumonia,570134,57406,63743,18.4,0.1118035409219587
2013,,,3682966,19624,1644128,,0.4464141129730766
2014,Alabama,Influenza and pneumonia,4817678,43511,889710,18.8,0.1846761033012169
2014,Alaska,Influenza and pneumonia,728300,71829,71866,14.1,0.09867636962790059
2014,Arizona,Influenza and pneumonia,6561516,49928,1169309,10.0,0.1782071399353442
2014,Arkansas,Influenza and pneumonia,2947036,41264,549303,20.7,0.18639168303339354
2014,California,Influenza and pneumonia,38066920,61489,6115244,14.7,0.16064457014121447
2014,Colorado,Influenza and pneumonia,5197580,59448,663861,13.3,0.12772501818153834
2014,Delaware,Influenza and pneumonia,917060,60231,107101,13.8,0.11678734215863738
2014,District of Columbia,Influenza and pneumonia,633736,69235,109378,11.5,0.17259237284926215
2014,Connecticut,Influenza and pneumonia,3592053,69899,364740,13.3,0.10154081802245123
2014,Florida,Influenza and pneumonia,19361792,47212,3159259,9.6,0.1631697623856304
2014,Georgia,Influenza and pneumonia,9907756,49342,1781388,16.2,0.1797973224209397
2014,Idaho,Influenza and pneumonia,1599464,47334,244618,11.3,0.15293748405715915
2014,Hawaii,Influenza and pneumonia,1392704,68201,153752,22.6,0.11039818942144203
2014,Illinois,Influenza and pneumonia,12868747,57166,1810470,16.8,0.14068735674110308
2014,Indiana,Influenza and pneumonia,6542411,48737,983826,14.3,0.15037667306441005
2014,Iowa,Influenza and pneumonia,3078116,52716,373867,13.7,0.12145968508009444
2014,Kansas,Influenza and pneumonia,2882946,51872,386062,18.2,0.1339123244070475
2014,Kentucky,Influenza and pneumonia,4383272,43342,803866,20.8,0.18339404901178846
2014,Louisiana,Influenza and pneumonia,4601049,44991,874638,17.5,0.19009534564835107
2014,Maine,Influenza and pneumonia,1328535,48804,179878,13.7,0.1353957554750157
2014,Maryland,Influenza and pneumonia,5887776,74149,573383,15.6,0.09738532851793275
2014,Massachusetts,Influenza and pneumonia,6657291,67846,742784,15.8,0.11157451281609893
2014,Michigan,Influenza and pneumonia,9889024,49087,1633316,15.5,0.16516452988687255
2014,Minnesota,Influenza and pneumonia,5383661,60828,605761,9.8,0.11251841451384105
2014,Mississippi,Influenza and pneumonia,2984345,39464,653726,23.5,0.21905175172441524
2014,Missouri,Influenza and pneumonia,6028076,47764,912291,18.1,0.15134032815777373
2014,Montana,Influenza and pneumonia,1006370,46766,150096,13.7,0.1491459403599074
2014,Nebraska,Influenza and pneumonia,1855617,52400,231762,15.1,0.12489754081795974
2014,Nevada,Influenza and pneumonia,2761584,52205,423578,23.8,0.15338226177440195
2014,New Hampshire,Influenza and pneumonia,1321069,65986,113374,11.5,0.08581989282921634
2014,New Jersey,Influenza and pneumonia,8874374,72062,934665,11.3,0.10532179509225101
2014,New Mexico,Influenza and pneumonia,2080085,44968,426116,16.1,0.20485509005641597
2014,New York,Influenza and pneumonia,19594330,58687,2978521,19.5,0.1520093312708319
2014,North Carolina,Influenza and pneumonia,9750405,46693,1669147,17.2,0.17118745323912185
2014,North Dakota,Influenza and pneumonia,704925,55579,80865,18.5,0.11471433131184168
2014,Ohio,Influenza and pneumonia,11560380,48849,1790564,16.9,0.15488798811111745
2014,Oklahoma,Influenza and pneumonia,3818851,46235,625508,16.8,0.16379481681793817
2014,Oregon,Influenza and pneumonia,3900343,50521,638816,9.1,0.16378456971604805
2014,Pennsylvania,Influenza and pneumonia,12758729,53115,1667858,14.2,0.13072289567401266
2014,Rhode Island,Influenza and pneumonia,1053252,56423,143996,11.7,0.13671561981368183
2014,South Carolina,Influenza and pneumonia,4727273,45033,840141,13.9,0.17772212436218512
2014,South Dakota,Influenza and pneumonia,834708,50338,114444,16.2,0.1371066289049584
2014,Tennessee,Influenza and pneumonia,6451365,44621,1121344,22.1,0.17381499884133048
2014,Texas,Influenza and pneumonia,26092033,52576,4500034,14.2,0.17246774139830345
2014,Vermont,Influenza and pneumonia,626358,54447,72044,9.3,0.1150204834934654
2014,Utah,Influenza and pneumonia,2858111,59846,358682,16.2,0.12549617562089085
2014,Virginia,Influenza and pneumonia,8185131,64792,914237,17.1,0.11169485253198758
2014,Washington,Influenza and pneumonia,6899123,60294,916364,9.4,0.13282325884029028
2014,West Virginia,Influenza and pneumonia,1853881,41576,326225,19.6,0.17596868407411262
2014,Wisconsin,Influenza and pneumonia,5724692,52738,738557,13.8,0.12901253028110507
2014,Wyoming,Influenza and pneumonia,575251,58252,65271,18.1,0.11346525255931758
2014,,,3638965,19686,1630965,,0.4481947476823767
2015,Mississippi,Influenza and pneumonia,2988081,39665,651545,24.0,0.2180479712564686
2015,Missouri,Influenza and pneumonia,6045448,48173,915972,17.9,0.15151432945912363
2015,Montana,Influenza and pneumonia,1014699,47169,150586,13.7,0.14840460077323422
2015,Nebraska,Influenza and pneumonia,1869365,52997,231115,16.9,0.12363289138290275
2015,Nevada,Influenza and pneumonia,2798636,51847,426337,21.3,0.15233742437387357
2015,New Hampshire,Influenza and pneumonia,1324201,66779,113840,16.1,0.08596882195376684
2015,New Jersey,Influenza and pneumonia,8904413,72093,944847,12.5,0.1061099704157927
2015,New Mexico,Influenza and pneumonia,2084117,44963,429361,13.6,0.20601578510227592
2015,New York,Influenza and pneumonia,19673174,59269,3005943,20.0,0.15279400263526363
2015,North Carolina,Influenza and pneumonia,9845333,46868,1667465,18.7,0.16936603363238195
2015,North Dakota,Influenza and pneumonia,721640,57181,79758,17.7,0.11052325259131977
2015,Ohio,Influenza and pneumonia,11575977,49429,1775836,16.6,0.1534070083242218
2015,Oklahoma,Influenza and pneumonia,3849733,46879,624043,16.5,0.1621003326724217
2015,Oregon,Influenza and pneumonia,3939233,51243,636947,9.0,0.16169315194099967
2015,Pennsylvania,Influenza and pneumonia,12779559,53599,1666569,15.9,0.13040896012139386
2015,Rhode Island,Influenza and pneumonia,1053661,56852,144223,16.2,0.1368779901695137
2015,South Carolina,Influenza and pneumonia,4777576,45483,830901,15.3,0.173916856581664
2015,South Dakota,Influenza and pneumonia,843190,50957,114907,18.2,0.13627652130599271
2015,Tennessee,Influenza and pneumonia,6499615,45219,1117594,23.3,0.17194772305744263
2015,Texas,Influenza and pneumonia,26538614,53207,4472451,13.0,0.16852617095979466
2015,Vermont,Influenza and pneumonia,626604,55176,69233,10.0,0.11048924041340304
2015,Utah,Influenza and pneumonia,2903379,60727,351601,15.7,0.12110062103500784
2015,Virginia,Influenza and pneumonia,8256630,65015,921822,15.7,0.11164627699194465
2015,Washington,Influenza and pneumonia,6985464,61062,908512,10.7,0.1300575022647028
2015,West Virginia,Influenza and pneumonia,1851420,41751,323384,21.2,0.17466809259919414
2015,Wisconsin,Influenza and pneumonia,5742117,53357,724348,14.2,0.12614650659329998
2015,Wyoming,Influenza and pneumonia,579679,58840,64995,16.0,0.11212239877587424
2015,,,3583073,19350,1616117,,0.45104216408652575
2015,Alabama,Influenza and pneumonia,4830620,43623,887260,19.5,0.18367414534780216
2015,Alaska,Influenza and pneumonia,733375,72515,72957,8.4,0.09948116584284984
2015,Arizona,Influenza and pneumonia,6641928,50255,1180690,9.5,0.17776314347279887
2015,Arkansas,Influenza and pneumonia,2958208,41371,553644,20.0,0.18715519665959932
2015,California,Influenza and pneumonia,38421464,61818,6135142,14.8,0.1596800684117607
2015,Colorado,Influenza and pneumonia,5278906,60629,653969,12.3,0.12388343342351615
2015,Delaware,Influenza and pneumonia,926454,60509,108315,16.1,0.11691352188020128
2015,District of Columbia,Influenza and pneumonia,647484,70848,110365,16.2,0.17045208839137338
2015,Connecticut,Influenza and pneumonia,3593222,70331,366351,13.6,0.10195612739763922
2015,Florida,Influenza and pneumonia,19645772,47507,3180109,8.9,0.16187243748934885
2015,Georgia,Influenza and pneumonia,10006693,49620,1788947,15.5,0.1787750458618047
2015,Idaho,Influenza and pneumonia,1616547,47583,245177,12.4,0.15166710278142237
2015,Hawaii,Influenza and pneumonia,1406299,69515,153944,27.4,0.10946747455555327
2015,Illinois,Influenza and pneumonia,12873761,57574,1801118,15.7,0.13990612378154293
2015,Indiana,Influenza and pneumonia,6568645,49255,978043,13.9,0.14889570071148617
2015,Iowa,Influenza and pneumonia,3093526,53183,373883,14.2,0.12085982144646594
2015,Kansas,Influenza and pneumonia,2892987,52205,381353,18.9,0.13181981115020566
2015,Kentucky,Influenza and pneumonia,4397353,43740,805841,19.3,0.1832559269178526
2015,Louisiana,Influenza and pneumonia,4625253,45047,888280,15.3,0.1920500348845782
2015,Maine,Influenza and pneumonia,1329100,49331,180278,17.6,0.13563915431494997
2015,Maryland,Influenza and pneumonia,5930538,74551,576805,17.7,0.09726014739303585
2015,Massachusetts,Influenza and pneumonia,6705586,68563,748905,17.1,0.11168375142754115
2015,Michigan,Influenza and pneumonia,9900571,49576,1616870,15.2,0.16331078278212438
2015,Minnesota,Influenza and pneumonia,5419171,61492,596662,10.9,0.11010208018901783
2016,Mississippi,Influenza and pneumonia,2989192,40528,645553,23.4,0.2159623737785997
2016,Missouri,Influenza and pneumonia,6059651,49593,897755,15.1,0.14815292167816266
2016,Montana,Influenza and pneumonia,1023391,48380,148677,11.1,0.14527878396429125
2016,Nebraska,Influenza and pneumonia,1881259,54384,227021,14.3,0.12067503730214713
2016,Nevada,Influenza and pneumonia,2839172,53094,417257,18.1,0.1469643262190526
2016,New Hampshire,Influenza and pneumonia,1327503,68485,109690,11.8,0.08262881515145352
2016,New Jersey,Influenza and pneumonia,8915456,73702,949341,10.7,0.10648260728335152
2016,New Mexico,Influenza and pneumonia,2082669,45674,426814,14.6,0.20493607001400607
2016,New York,Influenza and pneumonia,19697457,60741,2967564,18.3,0.15065721427898027
2016,North Carolina,Influenza and pneumonia,9940828,48256,1631704,16.5,0.16414165902478145
2016,North Dakota,Influenza and pneumonia,736162,59114,79314,14.5,0.10773987247372181
2016,Ohio,Influenza and pneumonia,11586941,50674,1732839,15.0,0.14955103335729422
2016,Oklahoma,Influenza and pneumonia,3875589,48038,621155,12.4,0.16027370291328621
2016,Oregon,Influenza and pneumonia,3982267,53270,614223,8.9,0.15423953240704352
2016,Pennsylvania,Influenza and pneumonia,12783977,54895,1647762,13.9,0.1288927537964125
2016,Rhode Island,Influenza and pneumonia,1054491,58387,140161,11.0,0.1329181567220583
2016,South Carolina,Influenza and pneumonia,4834605,46898,806422,12.0,0.16680204484130554
2016,South Dakota,Influenza and pneumonia,851058,52078,115300,16.7,0.13547842802723198
2016,Tennessee,Influenza and pneumonia,6548009,46574,1100169,20.1,0.16801580449874154
2016,Texas,Influenza and pneumonia,26956435,54727,4397307,11.1,0.16312642973746344
2016,Vermont,Influenza and pneumonia,626249,56104,69673,7.0,0.11125446906901248
2016,Utah,Influenza and pneumonia,2948427,62518,338808,15.5,0.1149114426099069
2016,Virginia,Influenza and pneumonia,8310301,66149,921664,12.7,0.11090621145972931
2016,Washington,Influenza and pneumonia,7073146,62848,883256,10.0,0.12487456076829179
2016,West Virginia,Influenza and pneumonia,1846092,42644,318060,17.3,0.1722882716571005
2016,Wisconsin,Influenza and pneumonia,5754798,54610,713472,11.9,0.1239786348712848
2016,Wyoming,Influenza and pneumonia,583029,59143,65762,15.0,0.11279370322917041
2016,,,3529385,19606,1577075,,0.4468413052132312
2016,Alabama,Influenza and pneumonia,4841164,44758,868666,17.1,0.17943329331540928
2016,Alaska,Influenza and pneumonia,736855,74444,72826,12.5,0.0988335561270535
2016,Arizona,Influenza and pneumonia,6728577,51340,1165636,10.4,0.1732366293794364
2016,Arkansas,Influenza and pneumonia,2968472,42336,542431,17.1,0.1827307112885013
2016,California,Influenza and pneumonia,38654206,63783,6004257,14.0,0.15533256587911803
2016,Colorado,Influenza and pneumonia,5359295,62520,637938,9.6,0.11903394009846445
2016,Delaware,Influenza and pneumonia,934695,61017,109448,10.7,0.1170948812179374
2016,District of Columbia,Influenza and pneumonia,659009,72935,112060,11.5,0.1700432012309392
2016,Connecticut,Influenza and pneumonia,3588570,71755,360464,11.7,0.10044781068782273
2016,Florida,Influenza and pneumonia,19934451,48900,3139258,9.3,0.15747902964571234
2016,Georgia,Influenza and pneumonia,10099320,51037,1746894,14.3,0.17297144758260952
2016,Idaho,Influenza and pneumonia,1635483,49174,244585,11.3,0.14954909344823517
2016,Hawaii,Influenza and pneumonia,1413673,71977,148577,24.4,0.10509997715171755
2016,Illinois,Influenza and pneumonia,12851684,59196,1753731,14.5,0.1364592375598404
2016,Indiana,Influenza and pneumonia,6589578,50433,957694,12.6,0.14533464813680028
2016,Iowa,Influenza and pneumonia,3106589,54570,369828,11.6,0.11904632379757991
2016,Kansas,Influenza and pneumonia,2898292,53571,373162,14.4,0.12875238243765638
2016,Kentucky,Influenza and pneumonia,4411989,44811,804139,17.3,0.18226224045436196
2016,Louisiana,Influenza and pneumonia,4645670,45652,889570,14.3,0.19148368265503146
2016,Maine,Influenza and pneumonia,1329923,50826,174405,12.0,0.13113917121517563
2016,Maryland,Influenza and pneumonia,5959902,76067,576835,15.1,0.09678598742059853
2016,Massachusetts,Influenza and pneumonia,6742143,70954,740836,14.1,0.10988138341177278
2016,Michigan,Influenza and pneumonia,9909600,50803,1575066,13.7,0.15894344877694358
2016,Minnesota,Influenza and pneumonia,5450868,63217,577196,7.8,0.10589065814839031
2017,Mississippi,Influenza and pneumonia,2986220,42009,620007,23.0,0.20762268017761584
2017,Missouri,Influenza and pneumonia,6075300,51542,861679,16.7,0.14183316050236203
2017,Montana,Influenza and pneumonia,1029862,50801,144198,13.3,0.1400168177872375
2017,Nebraska,Influenza and pneumonia,1893921,56675,220330,16.2,0.11633536984911197
2017,Nevada,Influenza and pneumonia,2887725,55434,405263,19.6,0.14033988693521718
2017,New Hampshire,Influenza and pneumonia,1331848,71305,104470,13.1,0.07843988202857984
2017,New Jersey,Influenza and pneumonia,8960161,76475,938252,11.7,0.10471374342492283
2017,New Mexico,Influenza and pneumonia,2084828,46718,420293,13.6,0.20159600696076607
2017,Alabama,Influenza and pneumonia,4850771,46472,849699,20.2,0.17516782383666432
2017,Alaska,Influenza and pneumonia,738565,76114,73380,11.7,0.09935482997434214
2017,Arizona,Influenza and pneumonia,6809946,53510,1128046,10.1,0.16564683479134784
2017,Arkansas,Influenza and pneumonia,2977944,43813,524211,19.8,0.17603118124450964
2017,California,Influenza and pneumonia,38982847,67169,5773408,14.6,0.1481012405276608
2017,New York,Influenza and pneumonia,19798228,62765,2908471,17.7,0.14690562205870142
2017,North Carolina,Influenza and pneumonia,10052564,50320,1579871,17.5,0.15716099892524932
2017,North Dakota,Influenza and pneumonia,745475,61285,79374,15.3,0.10647439551963513
2017,Ohio,Influenza and pneumonia,11609756,52407,1683890,14.9,0.14504094659698274
2017,Oklahoma,Influenza and pneumonia,3896251,49767,612714,13.9,0.15725732248769395
2017,Oregon,Influenza and pneumonia,4025127,56119,587248,11.1,0.14589552081213836
2017,Pennsylvania,Influenza and pneumonia,12790505,56951,1623537,14.6,0.1269329866178075
2017,Rhode Island,Influenza and pneumonia,1056138,61043,136126,13.9,0.1288903533439759
2017,South Carolina,Influenza and pneumonia,4893444,48781,790657,12.3,0.16157475185166112
2017,South Dakota,Influenza and pneumonia,855444,54126,114885,19.0,0.13429867998372774
2017,Tennessee,Influenza and pneumonia,6597381,48708,1072360,21.3,0.16254328801080306
2017,Texas,Influenza and pneumonia,27419612,57051,4291384,11.2,0.15650783096420182
2017,Vermont,Influenza and pneumonia,624636,57808,68144,9.7,0.10909393630850607
2017,Utah,Influenza and pneumonia,2993941,65325,324856,13.3,0.10850447620711297
2017,Virginia,Influenza and pneumonia,8365952,68766,906838,13.1,0.10839627098027815
2017,Washington,Influenza and pneumonia,7169967,66174,859950,12.6,0.11993779050865924
2017,West Virginia,Influenza and pneumonia,1836843,44061,317089,18.2,0.1726271651959367
2017,Wisconsin,Influenza and pneumonia,5763217,56759,692719,12.9,0.12019658465055194
2017,Wyoming,Influenza and pneumonia,583200,60938,63398,17.5,0.10870713305898491
2017,,,3468963,19775,1543220,,0.4448649351405593
2017,Delaware,Influenza and pneumonia,943732,63036,111304,14.9,0.11794026270169922
2017,District of Columbia,Influenza and pneumonia,672391,77649,111025,11.4,0.16511969969853849
2017,Connecticut,Influenza and pneumonia,3594478,73781,350783,13.1,0.09758941353932338
2017,Florida,Influenza and pneumonia,20278447,50883,3070972,9.6,0.1514401965791562
2017,Georgia,Influenza and pneumonia,10201635,52977,1679030,13.8,0.16458440240216396
2017,Idaho,Influenza and pneumonia,1657375,50985,236000,13.7,0.1423938456897202
2017,Hawaii,Influenza and pneumonia,1421658,74923,143148,29.6,0.10069088346142321
2017,Illinois,Influenza and pneumonia,12854526,61229,1698613,15.6,0.13214123959140928
2017,Indiana,Influenza and pneumonia,6614418,52182,933540,13.8,0.14113713406077452
2017,Iowa,Influenza and pneumonia,3118102,56570,361343,13.2,0.11588556115226506
2017,Kansas,Influenza and pneumonia,2903820,55477,361285,15.0,0.12441714706834446
2017,Kentucky,Influenza and pneumonia,4424376,46535,783586,18.1,0.17710655694723956
2017,Louisiana,Influenza and pneumonia,4663461,46710,887574,15.1,0.19032516836744212
2017,Maine,Influenza and pneumonia,1330158,53024,166904,15.2,0.12547682305410335
2017,Maryland,Influenza and pneumonia,5996079,78916,566966,14.0,0.09455612576151849
2017,Massachusetts,Influenza and pneumonia,6789319,74167,727546,15.9,0.1071603794136054
2017,Michigan,Influenza and pneumonia,9925568,52668,1510841,14.2,0.15221708218612778
2017,Minnesota,Influenza and pneumonia,5490726,65699,560995,9.9,0.10217137041622547
2017,Colorado,Influenza and pneumonia,5436519,65458,612143,10.1,0.11259833728163186
